{
  "summary": {
    "total_pages_analyzed": 11,
    "categories": [
      "home",
      "category",
      "product",
      "other"
    ]
  },
  "averages_by_category": {
    "home": {
      "mobile": {
        "performance_score": 42.0,
        "lcp": 15.300535909248275,
        "cls": 0.17626279904692602,
        "fcp": 8.797525246230224,
        "tti": 19.89602234700075,
        "ttfb": 0.016,
        "speed_index": 8.869680925021706
      },
      "desktop": {
        "performance_score": 74.0,
        "lcp": 1.0240270985805173,
        "cls": 0.003159233179743608,
        "fcp": 0.5738878291158368,
        "tti": 3.8708814991440197,
        "ttfb": 0.01,
        "speed_index": 2.996467249694665
      },
      "page_count": 1
    },
    "category": {
      "mobile": {
        "performance_score": 64.0,
        "lcp": 9.76922623131409,
        "cls": 0.0020568750056708324,
        "fcp": 4.73100919120809,
        "tti": 11.29130338496202,
        "ttfb": 0.00925,
        "speed_index": 5.30887762891908
      },
      "desktop": {
        "performance_score": 90.0,
        "lcp": 1.3529218596911559,
        "cls": 0.004826504484443454,
        "fcp": 0.530972807992661,
        "tti": 2.4586115982369594,
        "ttfb": 0.007,
        "speed_index": 0.9393923739874203
      },
      "page_count": 4
    },
    "product": {
      "mobile": {
        "performance_score": 59.0,
        "lcp": 12.57560285769729,
        "cls": 0.011252529446689995,
        "fcp": 5.061671492028151,
        "tti": 14.70164109503883,
        "ttfb": 0.00825,
        "speed_index": 6.017584338940751
      },
      "desktop": {
        "performance_score": 77.75,
        "lcp": 2.5795302804148212,
        "cls": 0.017995271755691475,
        "fcp": 0.5587262513685127,
        "tti": 3.069824112998188,
        "ttfb": 0.0185,
        "speed_index": 1.3594185385457598
      },
      "page_count": 4
    },
    "other": {
      "mobile": {
        "performance_score": 76.5,
        "lcp": 5.984546571642449,
        "cls": 0.03921024949126629,
        "fcp": 3.0937817956916236,
        "tti": 12.218694086659951,
        "ttfb": 0.006500000000000001,
        "speed_index": 3.337322909827157
      },
      "desktop": {
        "performance_score": 99.0,
        "lcp": 0.9175355718292315,
        "cls": 0.01549879852998717,
        "fcp": 0.5316389153874065,
        "tti": 2.0848858047049523,
        "ttfb": 0.005,
        "speed_index": 0.8111398004124097
      },
      "page_count": 2
    }
  },
  "worst_performing_pages": {
    "mobile": {
      "lcp": {
        "url": "https://farmaciasmacross.com.mx",
        "value": 15.300535909248275,
        "category": "home"
      },
      "fcp": {
        "url": "https://farmaciasmacross.com.mx",
        "value": 8.797525246230224,
        "category": "home"
      },
      "tti": {
        "url": "https://farmaciasmacross.com.mx",
        "value": 19.89602234700075,
        "category": "home"
      },
      "cls": {
        "url": "https://farmaciasmacross.com.mx",
        "value": 0.17626279904692602,
        "category": "home"
      }
    },
    "desktop": {
      "lcp": {
        "url": "https://farmaciasmacross.com.mx/products/biktarvy-precio-en-mexico-y-para-que-sirve",
        "value": 3.197491412989427,
        "category": "product"
      },
      "fcp": {
        "url": "https://farmaciasmacross.com.mx",
        "value": 0.5738878291158368,
        "category": "home"
      },
      "tti": {
        "url": "https://farmaciasmacross.com.mx",
        "value": 3.8708814991440197,
        "category": "home"
      },
      "cls": {
        "url": "https://farmaciasmacross.com.mx/pages/medicamentos-de-alta-especialidad-y-atencion-personalizada-farmacias-macross",
        "value": 0.02491599450752302,
        "category": "other"
      }
    }
  },
  "compliance_with_thresholds": {
    "home": {
      "mobile": {
        "lcp": {
          "good": 0,
          "needs_improvement": 0,
          "poor": 1
        },
        "fcp": {
          "good": 0,
          "needs_improvement": 0,
          "poor": 1
        },
        "cls": {
          "good": 0,
          "needs_improvement": 1,
          "poor": 0
        },
        "tti": {
          "good": 0,
          "needs_improvement": 0,
          "poor": 1
        },
        "ttfb": {
          "good": 1,
          "needs_improvement": 0,
          "poor": 0
        }
      },
      "desktop": {
        "lcp": {
          "good": 1,
          "needs_improvement": 0,
          "poor": 0
        },
        "fcp": {
          "good": 1,
          "needs_improvement": 0,
          "poor": 0
        },
        "cls": {
          "good": 1,
          "needs_improvement": 0,
          "poor": 0
        },
        "tti": {
          "good": 0,
          "needs_improvement": 1,
          "poor": 0
        },
        "ttfb": {
          "good": 1,
          "needs_improvement": 0,
          "poor": 0
        }
      }
    },
    "category": {
      "mobile": {
        "lcp": {
          "good": 0,
          "needs_improvement": 0,
          "poor": 4
        },
        "fcp": {
          "good": 0,
          "needs_improvement": 1,
          "poor": 3
        },
        "cls": {
          "good": 4,
          "needs_improvement": 0,
          "poor": 0
        },
        "tti": {
          "good": 0,
          "needs_improvement": 0,
          "poor": 4
        },
        "ttfb": {
          "good": 4,
          "needs_improvement": 0,
          "poor": 0
        }
      },
      "desktop": {
        "lcp": {
          "good": 4,
          "needs_improvement": 0,
          "poor": 0
        },
        "fcp": {
          "good": 4,
          "needs_improvement": 0,
          "poor": 0
        },
        "cls": {
          "good": 4,
          "needs_improvement": 0,
          "poor": 0
        },
        "tti": {
          "good": 4,
          "needs_improvement": 0,
          "poor": 0
        },
        "ttfb": {
          "good": 4,
          "needs_improvement": 0,
          "poor": 0
        }
      }
    },
    "product": {
      "mobile": {
        "lcp": {
          "good": 0,
          "needs_improvement": 0,
          "poor": 4
        },
        "fcp": {
          "good": 0,
          "needs_improvement": 2,
          "poor": 2
        },
        "cls": {
          "good": 4,
          "needs_improvement": 0,
          "poor": 0
        },
        "tti": {
          "good": 0,
          "needs_improvement": 0,
          "poor": 4
        },
        "ttfb": {
          "good": 4,
          "needs_improvement": 0,
          "poor": 0
        }
      },
      "desktop": {
        "lcp": {
          "good": 2,
          "needs_improvement": 2,
          "poor": 0
        },
        "fcp": {
          "good": 4,
          "needs_improvement": 0,
          "poor": 0
        },
        "cls": {
          "good": 4,
          "needs_improvement": 0,
          "poor": 0
        },
        "tti": {
          "good": 3,
          "needs_improvement": 1,
          "poor": 0
        },
        "ttfb": {
          "good": 4,
          "needs_improvement": 0,
          "poor": 0
        }
      }
    },
    "other": {
      "mobile": {
        "lcp": {
          "good": 0,
          "needs_improvement": 1,
          "poor": 1
        },
        "fcp": {
          "good": 1,
          "needs_improvement": 0,
          "poor": 1
        },
        "cls": {
          "good": 2,
          "needs_improvement": 0,
          "poor": 0
        },
        "tti": {
          "good": 0,
          "needs_improvement": 0,
          "poor": 2
        },
        "ttfb": {
          "good": 2,
          "needs_improvement": 0,
          "poor": 0
        }
      },
      "desktop": {
        "lcp": {
          "good": 2,
          "needs_improvement": 0,
          "poor": 0
        },
        "fcp": {
          "good": 2,
          "needs_improvement": 0,
          "poor": 0
        },